id,title,creator,profile,physical,mechanisms,link
in_001,Foam Simulations,@kostsov,https://www.instagram.com/kostsov/?g=5,Melt; Stretch,Deformable Solid Mechanics; State Change; Fluid,https://www.instagram.com/p/DCoTrNZJHEW/
in_002,Umbra Design,@vincentschwenk,https://www.instagram.com/vincentschwenk/,Stretch; Twist,Deformable Solid Mechanics,https://www.instagram.com/p/DFvN9PVtpBD/?img_index=1
in_003,,,,,,
in_004,,,,,,
in_005,,,,,,
in_006,,,,,,
in_007,,,,,,
in_008,,,,,,
in_009,,,,,,
in_010,,,,,,
in_011,,,,,,
in_012,,,,,,
in_013,,,,,,
